,Channel,Region,Fresh,Milk,Grocery,Frozen,Detergents_Paper,Delicassen,x_kpca_rbf,y_kpca_rbf,cluster_kpca_rbf
0,Retail,other,12669,9656,7561,214,2674,1338,0.07837370589555141,-0.17311460364284073,2
1,Retail,other,7057,9810,9568,1762,3293,1776,0.18581254641290768,-0.3074147140645972,2
2,Retail,other,6353,8808,7684,2405,3516,7844,0.34170153813262255,0.07504775170557643,3
3,HoReCa,other,13265,1196,4221,6404,507,1788,-0.2533035236583455,0.25035242631907617,0
4,Retail,other,22615,5410,7198,3915,1777,5185,0.1366167136889868,0.3752792354602766,1
5,Retail,other,9413,8259,5126,666,1795,1451,-0.08895330433843483,-0.21226471169213584,4
6,Retail,other,12126,3199,6975,480,3140,545,-0.1435304125938085,-0.16630589319905778,4
7,Retail,other,7579,4956,9426,1669,3321,2566,0.04089698583784334,-0.26271559872797035,2
8,HoReCa,other,5963,3648,6192,425,1716,750,-0.2204840295429031,-0.30515778836974733,4
9,Retail,other,6006,11093,18881,1159,7425,2098,0.7089688368462719,-0.2911925018216331,3
10,Retail,other,3366,5403,12974,4400,5977,1744,0.3197406409241954,-0.3065245780476246,2
11,Retail,other,13146,1124,4523,1420,549,497,-0.3554518255692504,0.013874803248531966,4
12,Retail,other,31714,12319,11757,287,3881,2931,0.38544654450739474,0.33572883668073555,1
13,Retail,other,21217,6208,14982,3095,6707,602,0.3895006007283218,0.059373813275348075,3
14,Retail,other,24653,9465,12091,294,5058,2168,0.3555111665729348,0.14421778495165286,1
15,HoReCa,other,10253,1114,3821,397,964,412,-0.35435520006086146,-0.11021859390248878,4
16,Retail,other,1020,8816,12121,134,4508,1080,0.3226356449874307,-0.47221899771116616,2
17,HoReCa,other,5876,6157,2933,839,370,4478,-0.0700024989623086,-0.09035047264311902,4
18,Retail,other,18601,6327,10099,2205,2767,3181,0.11654191916216333,0.11785312476009348,1
19,HoReCa,other,7780,2495,9464,669,2518,501,-0.12022755406904669,-0.28354820077109355,4
20,Retail,other,17546,4519,4602,1066,2259,2124,-0.14690021076745444,0.09957113896938705,0
21,HoReCa,other,5567,871,2010,3383,375,569,-0.3995107138663485,-0.09264082017742034,4
22,HoReCa,other,31276,1917,4469,9408,2381,4334,0.20435998773200187,0.6356359259636721,1
23,Retail,other,26373,36423,22019,5154,4337,16523,0.39026615726915054,0.2569496025734209,1
24,Retail,other,22647,9776,13792,2915,4482,5778,0.4278165407333476,0.2247836866072273,1
25,Retail,other,16165,4230,7595,201,4003,57,-0.0316351287340542,-0.07255095160998674,4
26,HoReCa,other,9898,961,2861,3151,242,833,-0.40014060362739395,0.008535414697348743,4
27,HoReCa,other,14276,803,3045,485,100,518,-0.3700525126455123,0.05391791921403477,0
28,Retail,other,4113,20484,25957,1158,8604,5206,0.7016207368605816,0.07310145750803977,3
29,HoReCa,other,43088,2100,2609,1200,1107,823,0.1826835473898088,0.6814840445911232,1
30,HoReCa,other,18815,3610,11107,1148,2134,2963,0.04311921712672565,0.11745335924201455,0
31,HoReCa,other,2612,4339,3133,2088,820,985,-0.294786626245675,-0.2721066923785618,4
32,HoReCa,other,21632,1318,2886,266,918,405,-0.2515720524686853,0.2660610840718824,0
33,HoReCa,other,29729,4786,7326,6130,361,1083,0.041823502890765155,0.6263327105684744,1
34,HoReCa,other,1502,1979,2262,425,483,395,-0.33950761274923485,-0.28598298885766155,4
35,Retail,other,688,5491,11091,833,4239,436,0.15318548998697978,-0.4720462749746826,2
36,HoReCa,other,29955,4362,5428,1729,862,4626,0.11579078334966625,0.5158516314924017,1
37,Retail,other,15168,10556,12477,1920,6506,714,0.44744621040016624,-0.150556075979412,3
38,Retail,other,4591,15729,16709,33,6956,433,0.6931422223897343,-0.2710746455693035,3
39,HoReCa,other,56159,555,902,10002,212,2916,0.3812905631536113,0.5589487619332958,1
40,HoReCa,other,24025,4332,4757,9510,1145,5864,0.21152963142588124,0.5158501567286052,1
41,HoReCa,other,19176,3065,5956,2033,2575,2802,-0.09230035545523313,0.19668690026864874,0
42,Retail,other,10850,7555,14961,188,6899,46,0.4630010122647913,-0.29270653126545637,3
43,Retail,other,630,11095,23998,787,9529,72,0.7874656499758462,-0.2060123987575115,3
44,Retail,other,9670,7027,10471,541,4618,65,0.16846143696562305,-0.3160674267550959,2
45,Retail,other,5181,22044,21531,1740,7353,4985,0.6868279055313029,0.053047797260248,3
46,Retail,other,3103,14069,21955,1668,6792,1452,0.7630314684360966,-0.2376643694653715,3
47,Retail,other,44466,54259,55571,7782,24171,6465,0.3902727289147304,0.25796698855143413,1
48,Retail,other,11519,6152,10868,584,5121,1476,0.20654515531327797,-0.2600170566936908,2
49,Retail,other,4967,21412,28921,1798,13583,1163,0.7289714387313025,0.11588236817646075,3
50,HoReCa,other,6269,1095,1980,3860,609,2162,-0.3430795910530945,-0.035973347916172425,4
51,HoReCa,other,3347,4051,6996,239,1538,301,-0.18086905028942638,-0.36795041693233754,4
52,Retail,other,40721,3916,5876,532,2587,1278,0.2038552173913678,0.6261716702573177,1
53,Retail,other,491,10473,11532,744,5611,224,0.40394933313327286,-0.4491321359123351,2
54,HoReCa,other,27329,1449,1947,2436,204,1333,-0.16262992294600162,0.5367169722978512,0
55,HoReCa,other,5264,3683,5005,1057,2024,1130,-0.2336587348187082,-0.298858883508922,4
56,Retail,other,4098,29892,26866,2616,17740,1340,0.5426398038264199,0.23277421501496728,1
57,Retail,other,5417,9933,10487,38,7572,1282,0.4746777128635696,-0.3834965416127782,3
58,HoReCa,other,13779,1970,1648,596,227,436,-0.37828293057305634,0.03896555000533209,4
59,HoReCa,other,6137,5360,8040,129,3084,1603,-0.022022933753793678,-0.35734584140664966,2
60,Retail,other,8590,3045,7854,96,4095,225,-0.05983051989665671,-0.2986881440336675,2
61,Retail,other,35942,38369,59598,3254,26701,2017,0.39299139703676006,0.2596203904566626,1
62,Retail,other,7823,6245,6544,4154,4074,964,-0.009699948119071137,-0.19621106885775388,2
63,Retail,other,9396,11601,15775,2896,7677,1295,0.6401918706005624,-0.24099799892956275,3
64,HoReCa,other,4760,1227,3250,3724,1247,1145,-0.33968773404833646,-0.13477912051815047,4
65,Retail,other,85,20959,45828,36,24231,1423,0.44103586711671033,0.2616736195916991,1
66,HoReCa,other,9,1534,7417,175,3468,27,-0.09322374084289013,-0.41307713761200326,2
67,Retail,other,19913,6759,13462,1256,5141,834,0.2924046416705139,0.00012687407189283578,3
68,HoReCa,other,2446,7260,3993,5870,788,3095,-0.05997070116971608,-0.0629219989364073,4
69,HoReCa,other,8352,2820,1293,779,656,144,-0.37944416017539295,-0.13546815859725853,4
70,HoReCa,other,16705,2037,3202,10643,116,1365,-0.05060659132237199,0.48102575194277314,1
71,HoReCa,other,18291,1266,21042,5373,4173,14472,0.3992597551893951,0.263475090371273,1
72,HoReCa,other,4420,5139,2661,8872,1321,181,-0.11135435138412852,0.0960735549759156,0
73,Retail,other,19899,5332,8713,8132,764,648,0.0008987162689018329,0.409408319041779,1
74,Retail,other,8190,6343,9794,1285,1901,1780,-0.01072082002817019,-0.26244056436794816,2
75,HoReCa,other,20398,1137,3,4407,3,975,-0.298801972844894,0.416534252496379,0
76,HoReCa,other,717,3587,6532,7530,529,894,-0.12822467153058587,-0.04654708810697761,4
77,Retail,other,12205,12697,28540,869,12034,1009,0.792375244883321,0.007641589923586335,3
78,HoReCa,other,10766,1175,2067,2096,301,167,-0.4098498165501623,-0.0068832712708614754,4
79,HoReCa,other,1640,3259,3655,868,1202,1653,-0.2610406538069766,-0.3184717675598496,4
80,HoReCa,other,7005,829,3009,430,610,529,-0.3779155808867273,-0.1730841990779726,4
81,Retail,other,219,9540,14403,283,7818,156,0.5725819154133496,-0.4145797417023827,3
82,Retail,other,10362,9232,11009,737,3537,2342,0.24022639466350387,-0.24484206557609892,2
83,HoReCa,other,20874,1563,1783,2320,550,772,-0.29618269339744846,0.33081418448807187,0
84,Retail,other,11867,3327,4814,1178,3837,120,-0.1648772854952068,-0.14752191500710596,4
85,Retail,other,16117,46197,92780,1026,40827,2944,0.3883366736832284,0.2562637349561329,1
86,Retail,other,22925,73498,32114,987,20070,903,0.38843674479929285,0.25633930577869984,1
87,HoReCa,other,43265,5025,8117,6312,1579,14351,0.3948303497119403,0.282563572481717,1
88,HoReCa,other,7864,542,4042,9735,165,46,-0.14163510995777098,0.247330682175917,0
89,HoReCa,other,24904,3836,5330,3443,454,3178,-0.05385762013279193,0.47794384547209146,1
90,HoReCa,other,11405,596,1638,3347,69,360,-0.41366092797510867,0.07913795302740641,0
91,HoReCa,other,12754,2762,2530,8693,627,1117,-0.17362761022052575,0.3225087737341826,0
92,Retail,other,9198,27472,32034,3232,18906,5130,0.5108182391595907,0.25525282250221737,1
93,HoReCa,other,11314,3090,2062,35009,71,2698,0.3900350151310968,0.26391317650155033,1
94,Retail,other,5626,12220,11323,206,5038,244,0.40488126797222856,-0.3705245523594407,2
95,HoReCa,other,3,2920,6252,440,223,709,-0.24060060089851418,-0.3535239289116523,4
96,Retail,other,23,2616,8118,145,3874,217,-0.028894103489518055,-0.44301064413346536,2
97,HoReCa,other,403,254,610,774,54,63,-0.36414555189200765,-0.22878674663581552,4
98,HoReCa,other,503,112,778,895,56,132,-0.36742690630912506,-0.22596087671538254,4
99,HoReCa,other,9658,2182,1909,5639,215,323,-0.34498254262196687,0.10798564535391868,0
100,Retail,other,11594,7779,12144,3252,8035,3029,0.48117083153627893,-0.14905364291346082,3
101,Retail,other,1420,10810,16267,1593,6766,1838,0.6231583558865986,-0.37777942194277053,3
102,Retail,other,2932,6459,7677,2561,4573,1386,0.08900658922927386,-0.38479385363196406,2
103,HoReCa,other,56082,3504,8906,18028,1480,2498,0.40849070562391054,0.396070067382626,1
104,HoReCa,other,14100,2132,3445,1336,1491,548,-0.3249884778073255,0.01746040848612212,4
105,HoReCa,other,15587,1014,3970,910,139,1378,-0.33552612925542186,0.1088106263190947,0
106,Retail,other,1454,6337,10704,133,6830,1831,0.3559703986970568,-0.4454110428548871,2
107,Retail,other,8797,10646,14886,2471,8969,1438,0.6569576061315461,-0.25306715061889956,3
108,Retail,other,1531,8397,6981,247,2505,1236,0.03254596291349781,-0.42573239496644544,2
109,Retail,other,1406,16729,28986,673,836,3,0.5670440133693179,-0.02176429721600241,3
110,HoReCa,other,11818,1648,1694,2276,169,1647,-0.3856418282991103,0.053382087021747605,0
111,Retail,other,12579,11114,17569,805,6457,1519,0.6149712853516305,-0.2154250151171675,3
112,HoReCa,other,19046,2770,2469,8853,483,2708,-0.0658696226125344,0.5015456168575977,1
113,HoReCa,other,14438,2295,1733,3220,585,1561,-0.3489118357948729,0.1564768840853581,0
114,HoReCa,other,18044,1080,2000,2555,118,1266,-0.3411472876164217,0.2651940618756577,0
115,HoReCa,other,11134,793,2988,2715,276,610,-0.4010285754637832,0.025620159890378424,4
116,HoReCa,other,11173,2521,3355,1517,310,222,-0.3728441164416735,-0.04533140277986471,4
117,HoReCa,other,6990,3880,5380,1647,319,1160,-0.29763247344282595,-0.19250409541862676,4
118,HoReCa,other,20049,1891,2362,5343,411,933,-0.255981328639912,0.4135922402946953,0
119,HoReCa,other,8258,2344,2147,3896,266,635,-0.384857046257995,-0.017045820057282307,4
120,HoReCa,other,17160,1200,3412,2417,174,1136,-0.3382159568239349,0.2135576182307941,0
121,HoReCa,other,4020,3234,1498,2395,264,255,-0.37257923358882633,-0.18563089819244333,4
122,HoReCa,other,12212,201,245,1991,25,860,-0.4243548389161237,0.07877409271485158,0
123,Retail,other,11170,10769,8814,2194,1976,143,0.09054443614693221,-0.16089831311668937,2
124,HoReCa,other,36050,1642,2961,4787,500,1621,0.06833101231458334,0.7353255086402101,1
125,HoReCa,other,76237,3473,7102,16538,778,918,0.4068230009577629,0.3174255981544432,1
126,HoReCa,other,19219,1840,1658,8195,349,483,-0.16882061944967508,0.47507160880095917,0
127,Retail,other,21465,7243,10685,880,2386,2749,0.14505130547022538,0.15897498780264652,1
128,HoReCa,other,140,8847,3823,142,1062,3,-0.09016179496558387,-0.3645627782042599,2
129,HoReCa,other,42312,926,1510,1718,410,1819,0.16521177354728686,0.7019507615988392,1
130,HoReCa,other,7149,2428,699,6316,395,911,-0.31819281870118477,0.08791208283469513,0
131,HoReCa,other,2101,589,314,346,70,310,-0.3790241248745067,-0.21587082184977657,4
132,HoReCa,other,14903,2032,2479,576,955,328,-0.3417193943007154,0.045470609654344296,0
133,HoReCa,other,9434,1042,1235,436,256,396,-0.4060073391274109,-0.08040239432537237,4
134,HoReCa,other,7388,1882,2174,720,47,537,-0.3963433707492268,-0.14462575969882968,4
135,HoReCa,other,6300,1289,2591,1170,199,326,-0.39732774261838977,-0.16217998811174505,4
136,HoReCa,other,4625,8579,7030,4575,2447,1542,0.02189328518387572,-0.21594184207017653,2
137,HoReCa,other,3087,8080,8282,661,721,36,-0.05358515572264601,-0.35499016249635,2
138,HoReCa,other,13537,4257,5034,155,249,3271,-0.16553635977965112,0.02342638125042123,0
139,HoReCa,other,5387,4979,3343,825,637,929,-0.29050990777311403,-0.25377422418426654,4
140,HoReCa,other,17623,4280,7305,2279,960,2616,-0.12177803098212575,0.16569803317833576,0
141,HoReCa,other,30379,13252,5189,321,51,1450,0.18551001238519765,0.40623128824456267,1
142,HoReCa,other,37036,7152,8253,2995,20,3,0.16751582885839428,0.6198053550109609,1
143,HoReCa,other,10405,1596,1096,8425,399,318,-0.22829519526764727,0.26305044158218455,0
144,HoReCa,other,18827,3677,1988,118,516,201,-0.27765354263986075,0.16401730974887285,0
145,Retail,other,22039,8384,34792,42,12591,4430,0.594726408134648,0.17396911873125687,3
146,HoReCa,other,7769,1936,2177,926,73,520,-0.3991324831147632,-0.13114476300919978,4
147,HoReCa,other,9203,3373,2707,1286,1082,526,-0.3467442842458109,-0.13486305936731852,4
148,HoReCa,other,5924,584,542,4052,283,434,-0.404739630804731,-0.031079289192234082,4
149,HoReCa,other,31812,1433,1651,800,113,1440,-0.05783684899296485,0.584411016109578,1
150,HoReCa,other,16225,1825,1765,853,170,1067,-0.3546433394214767,0.13638816960781563,0
151,HoReCa,other,1289,3328,2022,531,255,1774,-0.2987011536541508,-0.27643536095532434,4
152,HoReCa,other,18840,1371,3135,3001,352,184,-0.3178863673926578,0.2740457942617449,0
153,HoReCa,other,3463,9250,2368,779,302,1627,-0.13675359207538215,-0.2549738860650587,4
154,HoReCa,other,622,55,137,75,7,8,-0.35613790579555155,-0.22435907972860514,4
155,Retail,other,1989,10690,19460,233,11577,2153,0.7953616515078539,-0.20293077559309708,3
156,Retail,other,3830,5291,14855,317,6694,3182,0.45369090634178855,-0.34067754112255305,3
157,HoReCa,other,17773,1366,2474,3378,811,418,-0.3282392887694633,0.2521208905947929,0
158,Retail,other,2861,6570,9618,930,4004,1682,0.1343239288425569,-0.43194495745137673,2
159,Retail,other,355,7704,14682,398,8077,303,0.5496668663183775,-0.41815420001326087,3
160,Retail,other,1725,3651,12822,824,4424,2157,0.19940845321190714,-0.41234200288990913,2
161,HoReCa,other,12434,540,283,1092,3,2233,-0.3684526872469839,0.07720964736390683,0
162,HoReCa,other,15177,2024,3810,2665,232,610,-0.3504243069439396,0.1344271369051964,0
163,Retail,other,5531,15726,26870,2367,13726,446,0.7894216944204896,0.029520644349002895,3
164,Retail,other,5224,7603,8584,2540,3674,238,0.06899318218503904,-0.3470256913445825,2
165,Retail,other,15615,12653,19858,4425,7108,2379,0.672973025388296,-0.027874939387896536,3
166,Retail,other,4822,6721,9170,993,4973,3637,0.24089310934810038,-0.3041651996597497,2
167,HoReCa,other,2926,3195,3268,405,1680,693,-0.2776570476752987,-0.3267866830786446,4
168,HoReCa,other,5809,735,803,1393,79,429,-0.420157571955942,-0.1317391897218721,4
169,HoReCa,other,5414,717,2155,2399,69,750,-0.40977220212976384,-0.12434563292776138,4
170,Retail,other,260,8675,13430,1116,7015,323,0.4872324052395746,-0.44219298230636706,3
171,Retail,other,200,25862,19816,651,8773,6250,0.592399269901344,0.1413922058211054,3
172,HoReCa,other,955,5479,6536,333,2840,707,-0.06706054380402131,-0.4412158744111226,2
173,Retail,other,514,7677,19805,937,9836,716,0.7190963979951562,-0.29888298115073586,3
174,HoReCa,other,286,1208,5241,2515,153,1442,-0.29437067941207234,-0.2520141265618345,4
175,Retail,other,2343,7845,11874,52,4196,1697,0.27234170237511834,-0.4521558669606522,2
176,HoReCa,other,45640,6958,6536,7368,1532,230,0.3102135041673325,0.6763598296580619,1
177,HoReCa,other,12759,7330,4533,1752,20,2631,-0.15279810966324028,0.01670080442563231,0
178,HoReCa,other,11002,7075,4945,1152,120,395,-0.2219526716786723,-0.10775353195881968,4
179,HoReCa,other,3157,4888,2500,4477,273,2165,-0.24829625537478134,-0.111976764018853,4
180,HoReCa,other,12356,6036,8887,402,1382,2794,-0.0218881346898329,-0.10398787050332259,2
181,HoReCa,other,112151,29627,18148,16745,4948,8550,0.388314615563745,0.25630156501009654,1
182,HoReCa,other,694,8533,10518,443,6907,156,0.3915930928740389,-0.4528884260766431,2
183,HoReCa,other,36847,43950,20170,36534,239,47943,0.3881998035138976,0.25613856847700717,1
184,HoReCa,other,327,918,4710,74,334,11,-0.2940053286966309,-0.31049338726028003,4
185,HoReCa,other,8170,6448,1139,2181,58,247,-0.31322988744451846,-0.10348108526814367,4
186,HoReCa,other,3009,521,854,3470,949,727,-0.3772729060775655,-0.13698342092036175,4
187,HoReCa,other,2438,8002,9819,6269,3459,3,0.13877582408038666,-0.20776928757393706,2
188,Retail,other,8040,7639,11687,2758,6839,404,0.3673561639173328,-0.30941733735075777,2
189,Retail,other,834,11577,11522,275,4027,1856,0.37704365907527904,-0.418538109311079,2
190,HoReCa,other,16936,6250,1981,7332,118,64,-0.1561595470235085,0.35354819235948826,0
191,HoReCa,other,13624,295,1381,890,43,84,-0.3988728143339673,0.06623095846740648,0
192,HoReCa,other,5509,1461,2251,547,187,409,-0.3873001394851869,-0.193182988641789,4
193,Retail,other,180,3485,20292,959,5618,666,0.4618749665084129,-0.3536692578954008,3
194,HoReCa,other,7107,1012,2974,806,355,1142,-0.38210573673072534,-0.15120207483643056,4
195,HoReCa,other,17023,5139,5230,7888,330,1755,-0.09205758470871368,0.3844595108821907,0
196,HoReCa,Lisbon,30624,7209,4897,18711,763,2876,0.3623503858158114,0.47393955326481685,1
197,Retail,Lisbon,2427,7097,10391,1127,4314,1468,0.19270487994514793,-0.4451111012762359,2
198,HoReCa,Lisbon,11686,2154,6824,3527,592,697,-0.2911484181274306,0.013393887601179964,4
199,HoReCa,Lisbon,9670,2280,2112,520,402,347,-0.3825170693563432,-0.10321657793792108,4
200,Retail,Lisbon,3067,13240,23127,3941,9959,731,0.8048675789894466,-0.14167098380226614,3
201,Retail,Lisbon,4484,14399,24708,3549,14235,1681,0.7933232157910514,0.015636247345396995,3
202,HoReCa,Lisbon,25203,11487,9490,5065,284,6854,0.3334078602460835,0.3837545277653364,1
203,HoReCa,Lisbon,583,685,2216,469,954,18,-0.32765898664681825,-0.2862859796563113,4
204,HoReCa,Lisbon,1956,891,5226,1383,5,1328,-0.3192151955722069,-0.2532410824364381,4
205,Retail,Lisbon,1107,11711,23596,955,9265,710,0.8036887181868522,-0.21859328560352762,3
206,HoReCa,Lisbon,6373,780,950,878,288,285,-0.4112585573437755,-0.14105782931902658,4
207,Retail,Lisbon,2541,4737,6089,2946,5316,120,0.02314815143031474,-0.3560255056172213,2
208,HoReCa,Lisbon,1537,3748,5838,1859,3381,806,-0.12174651939146633,-0.3868296031328021,2
209,Retail,Lisbon,5550,12729,16767,864,12420,797,0.7807516033216427,-0.1677634274327285,3
210,HoReCa,Lisbon,18567,1895,1393,1801,244,2100,-0.2984211934513088,0.26438603715793724,0
211,Retail,Lisbon,12119,28326,39694,4736,19410,2870,0.48259727913377226,0.2648276994777209,1
212,HoReCa,Lisbon,7291,1012,2062,1291,240,1775,-0.3817971574398352,-0.10602971176216872,4
213,HoReCa,Lisbon,3317,6602,6861,1329,3961,1215,0.02826683948738831,-0.4069530932577929,2
214,Retail,Lisbon,2362,6551,11364,913,5957,791,0.30181727917151535,-0.4570284996591729,2
215,HoReCa,Lisbon,2806,10765,15538,1374,5828,2388,0.5637770712241386,-0.36653934973052876,3
216,Retail,Lisbon,2532,16599,36486,179,13308,674,0.6823226381255035,0.13431704338982736,3
217,HoReCa,Lisbon,18044,1475,2046,2532,130,1158,-0.3398744420261583,0.2589104696457053,0
218,Retail,Lisbon,18,7504,15205,1285,4797,6372,0.45554840002656427,-0.11542313405861278,3
219,HoReCa,Lisbon,4155,367,1390,2306,86,130,-0.4088252220131948,-0.14165412140723338,4
220,HoReCa,Lisbon,14755,899,1382,1765,56,749,-0.39606144530802495,0.12925247831097775,0
221,HoReCa,Lisbon,5396,7503,10646,91,4167,239,0.17945869742049286,-0.4166085424586756,2
222,HoReCa,Lisbon,5041,1115,2856,7496,256,375,-0.25952944149282625,0.08869134592252116,0
223,Retail,Lisbon,2790,2527,5265,5612,788,1360,-0.2383664414396783,-0.10266885470444746,4
224,HoReCa,Lisbon,7274,659,1499,784,70,659,-0.41341484621250574,-0.12003576570669258,4
225,HoReCa,Lisbon,12680,3243,4157,660,761,786,-0.3153234149337614,-0.04944383464138673,4
226,Retail,Lisbon,20782,5921,9212,1759,2568,1553,0.026312579879098984,0.1585809299529843,0
227,HoReCa,Lisbon,4042,2204,1563,2286,263,689,-0.3888709945620232,-0.17749864315925795,4
228,HoReCa,Lisbon,1869,577,572,950,4762,203,-0.18754732195781879,-0.2809367591673478,4
229,HoReCa,Lisbon,8656,2746,2501,6845,694,980,-0.27129754197651973,0.12621155630681744,0
230,Retail,Lisbon,11072,5989,5615,8321,955,2137,-0.052630294241402954,0.22245097841538963,0
231,HoReCa,Lisbon,2344,10678,3828,1439,1566,490,-0.02773464112445402,-0.31577892624535514,2
232,HoReCa,Lisbon,25962,1780,3838,638,284,834,-0.16974264318817,0.41991383390600817,0
233,HoReCa,Lisbon,964,4984,3316,937,409,7,-0.265664683333008,-0.32214336671528715,4
234,HoReCa,Lisbon,15603,2703,3833,4260,325,2563,-0.24753433848759834,0.23962082007586982,0
235,HoReCa,Lisbon,1838,6380,2824,1218,1216,295,-0.2197841229042636,-0.32866618642636286,4
236,HoReCa,Lisbon,8635,820,3047,2312,415,225,-0.4016818557092003,-0.07035311448754594,4
237,HoReCa,Lisbon,18692,3838,593,4634,28,1215,-0.27968324696533775,0.35642073388027096,0
238,HoReCa,Lisbon,7363,475,585,1112,72,216,-0.42396326490680036,-0.0959961882911943,4
239,HoReCa,Lisbon,47493,2567,3779,5243,828,2253,0.28575716089535225,0.7247260329217594,1
240,HoReCa,Lisbon,22096,3575,7041,11422,343,2564,0.1183127783194574,0.5631274838825197,1
241,HoReCa,Lisbon,24929,1801,2475,2216,412,1047,-0.20941675695844125,0.4534930908895601,0
242,HoReCa,Lisbon,18226,659,2914,3752,586,578,-0.322083803129036,0.29073159427008444,0
243,HoReCa,Lisbon,11210,3576,5119,561,1682,2398,-0.20226047870216776,-0.10490391868740488,4
244,HoReCa,Lisbon,6202,7775,10817,1183,3143,1970,0.1552159436674891,-0.3456917103759866,2
245,Retail,Lisbon,3062,6154,13916,230,8933,2784,0.5547240543368969,-0.3343174832850535,3
246,HoReCa,Lisbon,8885,2428,1777,1777,430,610,-0.3980661456347267,-0.0857240157589316,4
247,HoReCa,Lisbon,13569,346,489,2077,44,659,-0.4156248975924334,0.11627520898098706,0
248,HoReCa,Lisbon,15671,5279,2406,559,562,572,-0.2780181716597751,0.05471675252047328,0
249,HoReCa,Lisbon,8040,3795,2070,6340,918,291,-0.2759581816272657,0.06616679216806405,0
250,HoReCa,Lisbon,3191,1993,1799,1730,234,710,-0.381346064972393,-0.2123696523667923,4
251,Retail,Lisbon,6134,23133,33586,6746,18594,5121,0.5198331683050443,0.24797078281091559,1
252,HoReCa,Lisbon,6623,1860,4740,7683,205,1693,-0.2050585432769166,0.12854263416523443,0
253,HoReCa,Lisbon,29526,7961,16966,432,363,1391,0.26757382476596436,0.3361674851206962,1
254,HoReCa,Lisbon,10379,17972,4748,4686,1547,3265,0.3041446964083772,0.06877205850171819,1
255,HoReCa,Lisbon,31614,489,1495,3242,111,615,-0.07754402837794978,0.6389873371305025,1
256,HoReCa,Lisbon,11092,5008,5249,453,392,373,-0.26543364349645,-0.12555097644843324,4
257,HoReCa,Lisbon,8475,1931,1883,5004,3593,987,-0.2348080214109313,-0.022826736953050698,4
258,HoReCa,Lisbon,56083,4563,2124,6422,730,3321,0.37758291119938603,0.6033152012679042,1
259,HoReCa,Lisbon,53205,4959,7336,3012,967,818,0.3457109902922625,0.6348102604496022,1
260,HoReCa,Lisbon,9193,4885,2157,327,780,548,-0.3132597308191737,-0.15725808158483215,4
261,HoReCa,Lisbon,7858,1110,1094,6818,49,287,-0.31645711151871153,0.13895899411569207,0
262,HoReCa,Lisbon,23257,1372,1677,982,429,655,-0.25159776129934586,0.3623128096862703,0
263,HoReCa,Lisbon,2153,1115,6684,4324,2894,411,-0.17696451432544877,-0.23478670625453038,4
264,Retail,Lisbon,1073,9679,15445,61,5980,1265,0.5323016278035858,-0.436333622407319,3
265,HoReCa,Lisbon,5909,23527,13699,10155,830,3636,0.4585752361317086,0.19049822353758158,1
266,Retail,Lisbon,572,9763,22182,2221,4882,2563,0.6284571456252738,-0.2732383381151285,3
267,HoReCa,Lisbon,20893,1222,2576,3975,737,3628,-0.1426028778126146,0.41260811072179154,0
268,Retail,Lisbon,11908,8053,19847,1069,6374,698,0.5784450537863965,-0.22551686473226368,3
269,HoReCa,Lisbon,15218,258,1138,2516,333,204,-0.39190390584979823,0.16641640698709217,0
270,HoReCa,Lisbon,4720,1032,975,5500,197,56,-0.35324101628123056,-0.0002476819989493964,4
271,HoReCa,Lisbon,2083,5007,1563,1120,147,1550,-0.29186345514992057,-0.25930734529743643,4
272,HoReCa,Lisbon,514,8323,6869,529,93,1040,-0.07505103033487194,-0.3612560683776751,2
273,HoReCa,other,36817,3045,1493,4802,210,1824,0.08797605088462902,0.7434248092950706,1
274,HoReCa,other,894,1703,1841,744,759,1153,-0.3314489770302174,-0.28289127420878263,4
275,HoReCa,other,680,1610,223,862,96,379,-0.3649894710298014,-0.24151561398627808,4
276,HoReCa,other,27901,3749,6964,4479,603,2503,0.002320041323092795,0.5687935392483449,1
277,HoReCa,other,9061,829,683,16919,621,139,0.2101258882081073,0.40133163059365184,1
278,HoReCa,other,11693,2317,2543,5845,274,1409,-0.30876620043692754,0.18282713006551435,0
279,Retail,other,17360,6200,9694,1293,3620,1721,0.08769572443434584,-0.010576926365420503,2
280,HoReCa,other,3366,2884,2431,977,167,1104,-0.35060869111996606,-0.24372613669287232,4
281,Retail,other,12238,7108,6235,1093,2328,2079,-0.05739476711404868,-0.12375528535901476,4
282,HoReCa,other,49063,3965,4252,5970,1041,1404,0.31007578681446146,0.7090390097921295,1
283,HoReCa,other,25767,3613,2013,10303,314,1384,0.04305287994316254,0.6381260066603726,1
284,HoReCa,other,68951,4411,12609,8692,751,2406,0.41581643774823984,0.41934271639885157,1
285,HoReCa,other,40254,640,3600,1042,436,18,0.12254054305859298,0.6534871681387451,1
286,HoReCa,other,7149,2247,1242,1619,1226,128,-0.37918682893889905,-0.15095520233777998,4
287,HoReCa,other,15354,2102,2828,8366,386,1027,-0.18366779502095706,0.38315128280789873,0
288,HoReCa,other,16260,594,1296,848,445,258,-0.3677216908530888,0.13757464025499688,0
289,HoReCa,other,42786,286,471,1388,32,22,0.15619673224980773,0.6652264783225915,1
290,HoReCa,other,2708,2160,2642,502,965,1522,-0.3143728111931623,-0.27668021412335103,4
291,HoReCa,other,6022,3354,3261,2507,212,686,-0.3599843378584551,-0.15843029184675336,4
292,HoReCa,other,2838,3086,4329,3838,825,1060,-0.2913579623488784,-0.197472910263069,4
293,Retail,Porto,3996,11103,12469,902,5952,741,0.4686830215519906,-0.40596212992940484,3
294,HoReCa,Porto,21273,2013,6550,909,811,1854,-0.171831447378785,0.261018736992871,0
295,Retail,Porto,7588,1897,5234,417,2208,254,-0.2655332180845536,-0.24361557196200995,4
296,HoReCa,Porto,19087,1304,3643,3045,710,898,-0.29770613434406057,0.2833840797503587,0
297,Retail,Porto,8090,3199,6986,1455,3712,531,-0.11971899037075759,-0.27190417315344795,4
298,Retail,Porto,6758,4560,9965,934,4538,1037,0.08449477145517516,-0.3635272222293553,2
299,HoReCa,Porto,444,879,2060,264,290,259,-0.34051565146630614,-0.27633210770595773,4
300,Retail,Porto,16448,6243,6360,824,2662,2005,-0.04893722121611407,0.005602303737202038,0
301,Retail,Porto,5283,13316,20399,1809,8752,172,0.7742541865913969,-0.22886520228985466,3
302,Retail,Porto,2886,5302,9785,364,6236,555,0.22920252886323708,-0.44612648405195365,2
303,Retail,Porto,2599,3688,13829,492,10069,59,0.5055816040427811,-0.3171411922515551,3
304,Retail,Porto,161,7460,24773,617,11783,2410,0.7710914221737654,-0.12696710773182326,3
305,Retail,Porto,243,12939,8852,799,3909,211,0.3083983987722223,-0.3958960657338045,2
306,Retail,Porto,6468,12867,21570,1840,7558,1543,0.7711669007366837,-0.2258387219517159,3
307,HoReCa,Porto,17327,2374,2842,1149,351,925,-0.3252010888394001,0.1610767736408488,0
308,HoReCa,Porto,6987,1020,3007,416,257,656,-0.38365197689746544,-0.1658441408734833,4
309,Retail,Porto,918,20655,13567,1465,6846,806,0.6578228765045806,-0.15539718300181227,3
310,HoReCa,Porto,7034,1492,2405,12569,299,1117,0.013134526972498322,0.34162278620623954,1
311,HoReCa,Porto,29635,2335,8280,3046,371,117,-0.02646662316637595,0.5344281621502378,1
312,Retail,Porto,2137,3737,19172,1274,17120,142,0.6284253283921184,0.021661103812011535,3
313,HoReCa,Porto,9784,925,2405,4447,183,297,-0.387142582866518,0.06367529788611803,0
314,HoReCa,Porto,10617,1795,7647,1483,857,1233,-0.2629924498388876,-0.10391546870091727,4
315,Retail,Porto,1479,14982,11924,662,3891,3508,0.48807897334335715,-0.25806401043203586,3
316,HoReCa,Porto,7127,1375,2201,2679,83,1059,-0.40568012229347994,-0.07842738547810937,4
317,HoReCa,Porto,1182,3088,6114,978,821,1637,-0.22253630869097044,-0.3367088168451971,4
318,HoReCa,Porto,11800,2713,3558,2121,706,51,-0.3551299042207883,-0.021145899997862466,4
319,Retail,Porto,9759,25071,17645,1128,12408,1625,0.6860453151378303,0.0928364383849331,3
320,HoReCa,Porto,1774,3696,2280,514,275,834,-0.31697381285837206,-0.29340038191141166,4
321,HoReCa,Porto,9155,1897,5167,2714,228,1113,-0.34896669102388117,-0.06420395700677438,4
322,HoReCa,Porto,15881,713,3315,3703,1470,229,-0.32180550498710836,0.18181153108831632,0
323,HoReCa,Porto,13360,944,11593,915,1679,573,-0.11449573525942269,-0.07588106418664504,4
324,HoReCa,Porto,25977,3587,2464,2369,140,1092,-0.1679962574485715,0.4835178536196521,0
325,HoReCa,Porto,32717,16784,13626,60869,1272,5609,0.38821363720034086,0.256151576312536,1
326,HoReCa,Porto,4414,1610,1431,3498,387,834,-0.38766982117228593,-0.11475102100598651,4
327,HoReCa,Porto,542,899,1664,414,88,522,-0.35250051970352164,-0.26262483291560934,4
328,HoReCa,Porto,16933,2209,3389,7849,210,1534,-0.17826682983800388,0.41414756816629966,0
329,HoReCa,Porto,5113,1486,4583,5127,492,739,-0.31507782184368294,-0.05942992699149691,4
330,HoReCa,Porto,9790,1786,5109,3570,182,1043,-0.34625654807431333,-0.0061249693325245635,4
331,Retail,Porto,11223,14881,26839,1234,9606,1102,0.8114916021945148,-0.047328777979209494,3
332,HoReCa,Porto,22321,3216,1447,2208,178,2602,-0.19694973649114708,0.39533057141033223,0
333,Retail,Porto,8565,4980,67298,131,38102,1215,0.38873082927129265,0.25650757196708285,1
334,Retail,Porto,16823,928,2743,11559,332,3486,0.05847674886963255,0.49762071970375127,1
335,Retail,Porto,27082,6817,10790,1365,4111,2139,0.2264666763669941,0.2964668954567909,1
336,HoReCa,Porto,13970,1511,1330,650,146,778,-0.38511806858450603,0.060642767913155364,0
337,HoReCa,Porto,9351,1347,2611,8170,442,868,-0.23093582483456884,0.22304400304520647,0
338,HoReCa,Porto,3,333,7021,15601,15,550,0.19369506559968283,0.3019846574081556,1
339,HoReCa,Porto,2617,1188,5332,9584,573,1942,-0.08125119583729198,0.14198250994142508,0
340,Retail,other,381,4025,9670,388,7271,1371,0.28155202397468915,-0.43480922678834777,2
341,Retail,other,2320,5763,11238,767,5162,2158,0.25197227010184436,-0.43153132302123265,2
342,HoReCa,other,255,5758,5923,349,4595,1328,0.04779688442611848,-0.45422775524739745,2
343,Retail,other,1689,6964,26316,1456,15469,37,0.7106863091188903,0.016683836766824146,3
344,HoReCa,other,3043,1172,1763,2234,217,379,-0.39145292946116694,-0.1873301674769626,4
345,HoReCa,other,1198,2602,8335,402,3843,303,-0.03792452266030626,-0.43012181945633293,2
346,Retail,other,2771,6939,15541,2693,6600,1115,0.47729979718700305,-0.3846133998469817,3
347,Retail,other,27380,7184,12311,2809,4621,1022,0.2696410101194686,0.2971316979045259,1
348,HoReCa,other,3428,2380,2028,1341,1184,665,-0.34710547573885975,-0.25515377073114637,4
349,Retail,other,5981,14641,20521,2005,12218,445,0.8156262449953643,-0.10382320730434341,3
350,HoReCa,other,3521,1099,1997,1796,173,995,-0.3894495307066877,-0.1896567425211093,4
351,Retail,other,1210,10044,22294,1741,12638,3137,0.7882255899770116,-0.09914293818875611,3
352,HoReCa,other,608,1106,1533,830,90,195,-0.35846829017617576,-0.254664605207081,4
353,Retail,other,117,6264,21203,228,8682,1111,0.6804823620864884,-0.3121845546185823,3
354,HoReCa,other,14039,7393,2548,6386,1333,2341,-0.09579877000369437,0.22809127582024855,0
355,HoReCa,other,190,727,2012,245,184,127,-0.3391591988127158,-0.2721654241624321,4
356,HoReCa,other,22686,134,218,3157,9,548,-0.2825655132400363,0.43581260229550833,0
357,Retail,other,37,1275,22272,137,6747,110,0.4931947764853446,-0.26890923463838706,3
358,HoReCa,other,759,18664,1660,6114,536,4100,0.2946331806778437,0.06927533795348956,1
359,HoReCa,other,796,5878,2109,340,232,776,-0.25164922962872954,-0.31836424535185265,4
360,HoReCa,other,19746,2872,2006,2601,468,503,-0.29892420326808244,0.2897378299510169,0
361,HoReCa,other,4734,607,864,1206,159,405,-0.4109663113883564,-0.16140010176652875,4
362,HoReCa,other,2121,1601,2453,560,179,712,-0.3562311510982202,-0.26181677614454574,4
363,HoReCa,other,4627,997,4438,191,1335,314,-0.313942734246871,-0.2708110225835605,4
364,HoReCa,other,2615,873,1524,1103,514,468,-0.3791471801830557,-0.2280871946370245,4
365,Retail,other,4692,6128,8025,1619,4515,3105,0.13875935027324232,-0.3148640049784174,2
366,HoReCa,other,9561,2217,1664,1173,222,447,-0.4018851901578189,-0.0764826736804701,4
367,HoReCa,other,3477,894,534,1457,252,342,-0.40228438204330486,-0.18177651816688162,4
368,HoReCa,other,22335,1196,2406,2046,101,558,-0.2760308998937724,0.370498807976762,0
369,HoReCa,other,6211,337,683,1089,41,296,-0.4209044645327595,-0.12224306156304521,4
370,Retail,other,39679,3944,4955,1364,523,2235,0.16505220495802989,0.6779861840154187,1
371,HoReCa,other,20105,1887,1939,8164,716,790,-0.1495369157080776,0.49479231720170463,0
372,HoReCa,other,3884,3801,1641,876,397,4829,-0.09603323231453317,-0.07813667478542854,4
373,Retail,other,15076,6257,7398,1504,1916,3113,-0.01641843844824127,0.022376105791714555,0
374,HoReCa,other,6338,2256,1668,1492,311,686,-0.3967268115418853,-0.154842552689504,4
375,HoReCa,other,5841,1450,1162,597,476,70,-0.3918964469038706,-0.1769315612993672,4
376,Retail,other,3136,8630,13586,5641,4666,1426,0.34950771023157323,-0.25204203154348354,2
377,HoReCa,other,38793,3154,2648,1034,96,1242,0.10566190847121675,0.6733698564176087,1
378,HoReCa,other,3225,3294,1902,282,68,1114,-0.338859879661238,-0.25410633702508073,4
379,Retail,other,4048,5164,10391,130,813,179,-0.07879826909289224,-0.3549179198824443,2
380,HoReCa,other,28257,944,2146,3881,600,270,-0.13699014414873445,0.5755076782882418,0
381,HoReCa,other,17770,4591,1617,9927,246,532,-0.06713238007907163,0.47008593451387454,1
382,HoReCa,other,34454,7435,8469,2540,1711,2893,0.2106344723700519,0.5755025593158934,1
383,HoReCa,other,1821,1364,3450,4006,397,361,-0.33741810018437585,-0.16765817579159856,4
384,HoReCa,other,10683,21858,15400,3635,282,5120,0.4887169240956621,0.12965451064297645,3
385,HoReCa,other,11635,922,1614,2583,192,1068,-0.40970794527305027,0.05769691904173579,0
386,HoReCa,other,1206,3620,2857,1945,353,967,-0.31496843781338035,-0.27570438485508386,4
387,HoReCa,other,20918,1916,1573,1960,231,961,-0.29668044857106896,0.3281900653322785,0
388,HoReCa,other,9785,848,1172,1677,200,406,-0.4241081905369756,-0.03081011194968616,4
389,HoReCa,other,9385,1530,1422,3019,227,684,-0.4141783570123771,-0.003291010853885445,4
390,HoReCa,other,3352,1181,1328,5502,311,1000,-0.336858874555542,-0.03115569628706912,4
391,HoReCa,other,2647,2761,2313,907,95,1827,-0.3255809984953705,-0.2383196337266044,4
392,HoReCa,other,518,4180,3600,659,122,654,-0.28037430220935733,-0.3261562230177065,4
393,HoReCa,other,23632,6730,3842,8620,385,819,0.006362195861557744,0.5473971267024299,1
394,HoReCa,other,12377,865,3204,1398,149,452,-0.39223103036499546,0.016214233975294545,4
395,HoReCa,other,9602,1316,1263,2921,841,290,-0.40467421196887116,-0.01572740637349577,4
396,Retail,other,4515,11991,9345,2644,3378,2213,0.2785730210904913,-0.29246061188066286,2
397,HoReCa,other,11535,1666,1428,6838,64,743,-0.303475834253353,0.2334316097965615,0
398,HoReCa,other,11442,1032,582,5390,74,247,-0.3697651997401876,0.17245255305489754,0
399,HoReCa,other,9612,577,935,1601,469,375,-0.42174119327619103,-0.03883115167181067,4
400,HoReCa,other,4446,906,1238,3576,153,1014,-0.3961124399168776,-0.09020633126283682,4
401,HoReCa,other,27167,2801,2128,13223,92,1902,0.17457468938502774,0.6272201390406893,1
402,HoReCa,other,26539,4753,5091,220,10,340,-0.0990698455142198,0.39006507913917887,0
403,HoReCa,other,25606,11006,4604,127,632,288,0.0601418165613874,0.2946910059990127,1
404,HoReCa,other,18073,4613,3444,4324,914,715,-0.2374337018195746,0.2656861368195505,0
405,HoReCa,other,6884,1046,1167,2069,593,378,-0.4137578499250275,-0.10906607830590276,4
406,HoReCa,other,25066,5010,5026,9806,1092,960,0.06187866382762081,0.5906116900872387,1
407,Retail,other,7362,12844,18683,2854,7883,553,0.7199105183608602,-0.23564849967225218,3
408,Retail,other,8257,3880,6407,1646,2730,344,-0.18099420214199186,-0.24517635919769126,4
409,HoReCa,other,8708,3634,6100,2349,2123,5137,0.023853179572380857,-0.007948580461507121,0
410,HoReCa,other,6633,2096,4563,1389,1860,1892,-0.2689968115468294,-0.20864455808521865,4
411,HoReCa,other,2126,3289,3281,1535,235,4365,-0.12527673868063852,-0.13036682945004555,4
412,HoReCa,other,97,3605,12400,98,2970,62,0.07833261518829737,-0.4432278848286628,2
413,HoReCa,other,4983,4859,6633,17866,912,2435,0.29063366990350875,0.36219369754534464,1
414,HoReCa,other,5969,1990,3417,5679,1135,290,-0.29993353952547347,-0.02380764363759257,4
415,Retail,other,7842,6046,8552,1691,3540,1874,0.0330691325002331,-0.2882393510508849,2
416,Retail,other,4389,10940,10908,848,6728,993,0.46474247972451477,-0.39633020915778255,3
417,HoReCa,other,5065,5499,11055,364,3485,1063,0.09561203949952993,-0.4065197452033573,2
418,Retail,other,660,8494,18622,133,6740,776,0.608935012345221,-0.3979627597846608,3
419,HoReCa,other,8861,3783,2223,633,1580,1521,-0.2986250080945299,-0.16073595822315975,4
420,HoReCa,other,4456,5266,13227,25,6818,1393,0.3841667956115901,-0.41276374558648543,2
421,Retail,other,17063,4847,9053,1031,3415,1784,0.018961285286999616,-0.005316173816363778,0
422,HoReCa,other,26400,1377,4172,830,948,1218,-0.1443280524915825,0.43216526907687064,0
423,Retail,other,17565,3686,4657,1059,1803,668,-0.22555447447787683,0.09352752154802445,0
424,Retail,other,16980,2884,12232,874,3213,249,0.03200306176934784,-0.028720903979686362,2
425,HoReCa,other,11243,2408,2593,15348,108,1886,0.16668175154602494,0.4403412784043108,1
426,HoReCa,other,13134,9347,14316,3141,5079,1894,0.4101264208195106,-0.14594694536942138,3
427,HoReCa,other,31012,16687,5429,15082,439,1163,0.3666327964631896,0.4480885615710112,1
428,HoReCa,other,3047,5970,4910,2198,850,317,-0.22118615048718113,-0.29550286152348937,4
429,HoReCa,other,8607,1750,3580,47,84,2501,-0.30181343750354783,-0.10453488914605835,4
430,HoReCa,other,3097,4230,16483,575,241,2080,0.1214606351171812,-0.28085612808732124,2
431,HoReCa,other,8533,5506,5160,13486,1377,1498,0.13621791448230278,0.3484916300336848,1
432,HoReCa,other,21117,1162,4754,269,1328,395,-0.2240988221409444,0.22510263162396377,0
433,HoReCa,other,1982,3218,1493,1541,356,1449,-0.33486316169287866,-0.24397401587503934,4
434,HoReCa,other,16731,3922,7994,688,2371,838,-0.11372207835996805,0.0020127808660367406,0
435,HoReCa,other,29703,12051,16027,13135,182,2204,0.376162331429812,0.46677890877174105,1
436,HoReCa,other,39228,1431,764,4510,93,2346,0.13023102137034726,0.745110523830311,1
437,Retail,other,14531,15488,30243,437,14841,1867,0.720746752401045,0.12240010136051449,3
438,HoReCa,other,10290,1981,2232,1038,168,2125,-0.3520036077123485,-0.03390882762428413,4
439,HoReCa,other,2787,1698,2510,65,477,52,-0.34342717028912295,-0.26828701544495376,4
